{"cameraMode":{"drawMode":0,"name":"Shaded","section":"Shading Mode"},"sceneLighting":true,"audioPlay":false,"sceneViewState":{"showFog":true,"showMaterialUpdate":false,"showSkybox":true,"showFlares":true,"showImageEffects":true,"showParticleSystems":true},"in2DMode":false,"pivot":{"x":0.42424720525741579,"y":1.5700907707214356,"z":4.7473039627075199},"rotation":{"x":-0.09007411450147629,"y":0.049872491508722308,"z":-0.0045185089111328129,"w":-0.9946810603141785},"size":3.820791006088257,"orthographic":false}